{
    "pageTitle": "Calm Oasis - Audio Collection",
    "audios": [
        {
            "title": "Morning Meditation",
            "description": "A calming meditation to start your day with positivity.",
            "audioSrc": "path/to/morning-meditation.mp3"
        },
        {
            "title": "Evening Relaxation",
            "description": "Unwind and relax with this evening meditation.",
            "audioSrc": "path/to/evening-relaxation.mp3"
        },
        {
            "title": "Stress Relief",
            "description": "Let go of stress and tension with this audio session.",
            "audioSrc": "path/to/stress-relief.mp3"
        }
    ]
}