[
    {
        "title": "Beginner Meditation",
        "description": "A basic introduction to meditation techniques.",
        "price": "₹2000"
    },
    {
        "title": "Stress Relief Meditation",
        "description": "Learn to reduce stress through mindfulness exercises.",
        "price": "₹3000"
    },
    {
        "title": "Advanced Mindfulness",
        "description": "Deepen your practice with advanced meditation techniques.",
        "price": "₹4500"
    }
]

